job_id,title,employer,sector,source,salary_min,salary_max,location,zip,remote,posted_date,url
5562690948,IPM Technician- Barre-White River Junction-Springfield Vermont,PEST END INC,private,adzuna,43680,56160,"Barre Junction, Washington County",05843,False,2026-01-01T07:57:42Z,https://www.adzuna.com/details/5562690948?utm_medium=api&utm_source=516145e7
5559120142,Senior Account Executive,The N2 Company,private,adzuna,66190.62,66190.62,"Stowe, Lamoille County",05843,False,2025-12-29T10:55:09Z,https://www.adzuna.com/details/5559120142?utm_medium=api&utm_source=516145e7
5521315555,Cashier ($14.01-$16) University of Vermont Medical Center,Towne Park,private,adzuna,55764.25,55764.25,"Winooski, Chittenden County",05843,False,2025-12-01T06:21:30Z,https://www.adzuna.com/details/5521315555?utm_medium=api&utm_source=516145e7
5552758755,Behavior Intervention Specialist 1:1,"ChanceLight Behavioral Health, Therapy, & Education",private,adzuna,46628.56,46628.56,"Highgate Springs, Franklin County",05843,False,2025-12-23T01:03:23Z,https://www.adzuna.com/land/ad/5552758755?se=RJhlZyPr8BGWUcRZCdVU_g&utm_medium=api&utm_source=516145e7&v=AED2CE9BCC5064C279F9F9974736A1550E6A3723
5474354222,Retail Merchandiser,SAS Retail Services,private,adzuna,56786.66,56786.66,"Colbyville, Washington County",05843,False,2025-11-01T03:07:01Z,https://www.adzuna.com/land/ad/5474354222?se=RJhlZyPr8BGWUcRZCdVU_g&utm_medium=api&utm_source=516145e7&v=47E60CA0AEEEB93A6745BB911A1395B04B8A5F90
5525203001,Traveling Retail Representative,SAS Retail Services,private,adzuna,50320.37,50320.37,"Burlington, Chittenden County",05843,False,2025-12-02T22:15:36Z,https://www.adzuna.com/land/ad/5525203001?se=RJhlZyPr8BGWUcRZCdVU_g&utm_medium=api&utm_source=516145e7&v=FC6D8A8B08C595CF6897E06CCD1DC8AA214029BE
5421713964,Retail Representative,SAS Retail Services,private,adzuna,37100.76,37100.76,"Thetford, Orange County",05843,False,2025-09-30T04:58:25Z,https://www.adzuna.com/land/ad/5421713964?se=RJhlZyPr8BGWUcRZCdVU_g&utm_medium=api&utm_source=516145e7&v=C11F5056EA1BBC5DAAFB1964ADB75B80333F5164
5395326177,Curriculum and Instruction Specialist,"ChanceLight Behavioral Health, Therapy, & Education",private,adzuna,88812.8,88812.8,"Barre Junction, Washington County",05843,False,2025-09-11T20:06:37Z,https://www.adzuna.com/land/ad/5395326177?se=RJhlZyPr8BGWUcRZCdVU_g&utm_medium=api&utm_source=516145e7&v=76A81039643962AD5A68936AB6869611C3D53C0F
5562517842,Retail Store Stocking Associate,Spar Group,private,adzuna,43951.15,43951.15,"Enosburg Falls, Franklin County",05843,False,2026-01-01T06:03:35Z,https://www.adzuna.com/land/ad/5562517842?se=RJhlZyPr8BGWUcRZCdVU_g&utm_medium=api&utm_source=516145e7&v=19168ACBC8EAB6779B7DA1556A8BCEC4A3905157
5552758863,Behavior Intervention Specialist 1:1,"ChanceLight Behavioral Health, Therapy, & Education",private,adzuna,42066.38,42066.38,"Bordoville, Franklin County",05843,False,2025-12-23T01:03:33Z,https://www.adzuna.com/land/ad/5552758863?se=RJhlZyPr8BGWUcRZCdVU_g&utm_medium=api&utm_source=516145e7&v=18F58A05DD8913105E541C33B164DE3150077A55
5562517884,Retail Store Stocking Associate,Spar Group,private,adzuna,45883.07,45883.07,"Bradford, Orange County",05843,False,2026-01-01T06:03:35Z,https://www.adzuna.com/land/ad/5562517884?se=RJhlZyPr8BGWUcRZCdVU_g&utm_medium=api&utm_source=516145e7&v=07A063FC1844E7D3FE1FFDCB5C272CFE611083F5
5569370730,Food Service Manager - Subway,Global Partners,private,adzuna,52151.19,52151.19,"Lancaster, Coos County",05843,False,2026-01-05T22:03:12Z,https://www.adzuna.com/land/ad/5569370730?se=RJhlZyPr8BGWUcRZCdVU_g&utm_medium=api&utm_source=516145e7&v=ECBB0FC423E8815086FE02A5DC1FDC2581FC7359
5474354223,Retail Stocking/Shelving Merchandiser,SAS Retail Services,private,adzuna,49529.45,49529.45,"Berlin, Washington County",05843,False,2025-11-01T03:07:01Z,https://www.adzuna.com/land/ad/5474354223?se=RJhlZyPr8BGWUcRZCdVU_g&utm_medium=api&utm_source=516145e7&v=B0AA0FA9F721064CA3E08F4AB615A811219EA343
5552758750,Behavior Intervention Specialist 1:1,"ChanceLight Behavioral Health, Therapy, & Education",private,adzuna,43224.5,43224.5,"Sugarbush Valley, Washington County",05843,False,2025-12-23T01:03:23Z,https://www.adzuna.com/land/ad/5552758750?se=RJhlZyPr8BGWUcRZCdVU_g&utm_medium=api&utm_source=516145e7&v=814822945B51A4C3A30D51CEB1128808E39E164D
5525203011,Retail Merchandiser,SAS Retail Services,private,adzuna,38275,38275,"Whitefield, Coos County",05843,False,2025-12-02T22:15:36Z,https://www.adzuna.com/land/ad/5525203011?se=RJhlZyPr8BGWUcRZCdVU_g&utm_medium=api&utm_source=516145e7&v=3561F92752F2921CBAB26C2886C58B68EDD43B58
5428714938,"Residential Youth Caregiver - Relocation to Hershey, PA Required",Milton Hershey School,private,adzuna,56473.27,56473.27,"Pinewood, Chittenden County",05843,False,2025-10-03T01:20:13Z,https://www.adzuna.com/land/ad/5428714938?se=RJhlZyPr8BGWUcRZCdVU_g&utm_medium=api&utm_source=516145e7&v=36547BF9C401EE456BB813853F391F78B2841E80
5474354215,Retail Merchandiser,SAS Retail Services,private,adzuna,36903.15,36903.15,"Moretown, Washington County",05843,False,2025-11-01T03:07:00Z,https://www.adzuna.com/land/ad/5474354215?se=RJhlZyPr8BGWUcRZCdVU_g&utm_medium=api&utm_source=516145e7&v=28565E2E15D1EFF5CD2AFF2CEFD883DCCE73D556
5552758839,Behavior Intervention Specialist 1:1,"ChanceLight Behavioral Health, Therapy, & Education",private,adzuna,50723.21,50723.21,"Queen Park, Chittenden County",05843,False,2025-12-23T01:03:30Z,https://www.adzuna.com/land/ad/5552758839?se=RJhlZyPr8BGWUcRZCdVU_g&utm_medium=api&utm_source=516145e7&v=FDF6E6B06132D6493120DC846CE1B4AD08BAD874
5395326170,Curriculum and Instruction Specialist,"ChanceLight Behavioral Health, Therapy, & Education",private,adzuna,55074.86,55074.86,"Adamant, Washington County",05843,False,2025-09-11T20:06:37Z,https://www.adzuna.com/land/ad/5395326170?se=RJhlZyPr8BGWUcRZCdVU_g&utm_medium=api&utm_source=516145e7&v=9209D94D70B3365EB13ECAA38FE11F0D1D255080
5404276056,Curriculum and Instruction Specialist,"ChanceLight Behavioral Health, Therapy, & Education",private,adzuna,54039.86,54039.86,"Fletcher, Chittenden County",05843,False,2025-09-17T20:26:27Z,https://www.adzuna.com/land/ad/5404276056?se=RJhlZyPr8BGWUcRZCdVU_g&utm_medium=api&utm_source=516145e7&v=AAE4D99077451FA87C1927897176E8BFCAA6D614
5552758855,Behavior Intervention Specialist 1:1,"ChanceLight Behavioral Health, Therapy, & Education",private,adzuna,59471.57,59471.57,"Camp Johnson, Chittenden County",05843,False,2025-12-23T01:03:33Z,https://www.adzuna.com/land/ad/5552758855?se=RJhlZyPr8BGWUcRZCdVU_g&utm_medium=api&utm_source=516145e7&v=C7730206AF9A03934BCD721B8C004390FAAE56DF
5552758828,Behavior Intervention Specialist 1:1,"ChanceLight Behavioral Health, Therapy, & Education",private,adzuna,50085.72,50085.72,"Fairfax, Chittenden County",05843,False,2025-12-23T01:03:30Z,https://www.adzuna.com/land/ad/5552758828?se=RJhlZyPr8BGWUcRZCdVU_g&utm_medium=api&utm_source=516145e7&v=D7EED4843B428F226BF17B71F3E2799164FE9D20
5404275997,Curriculum and Instruction Specialist,"ChanceLight Behavioral Health, Therapy, & Education",private,adzuna,52466.86,52466.86,"Jeffersonville, Lamoille County",05843,False,2025-09-17T20:26:25Z,https://www.adzuna.com/land/ad/5404275997?se=RJhlZyPr8BGWUcRZCdVU_g&utm_medium=api&utm_source=516145e7&v=20916349630020E13A07C42A7FA9EC86FC7DA1C0
5552758758,Behavior Intervention Specialist 1:1,"ChanceLight Behavioral Health, Therapy, & Education",private,adzuna,44261.07,44261.07,"Brookside, Chittenden County",05843,False,2025-12-23T01:03:23Z,https://www.adzuna.com/land/ad/5552758758?se=RJhlZyPr8BGWUcRZCdVU_g&utm_medium=api&utm_source=516145e7&v=69D69720406DB58C6F7038C3D1DE10C6CE3CA514
5562444005,Family Medicine Opportunity in Vermont,AMN Healthcare,private,adzuna,88779.27,88779.27,"Indian Point, Orleans County",05843,False,2026-01-01T05:20:46Z,https://www.adzuna.com/land/ad/5562444005?se=RJhlZyPr8BGWUcRZCdVU_g&utm_medium=api&utm_source=516145e7&v=FB27415D48F65310D9035B42BF01C8662E106D3E
5552758769,Behavior Intervention Specialist 1:1,"ChanceLight Behavioral Health, Therapy, & Education",private,adzuna,58197.83,58197.83,"East Montpelier, Washington County",05843,False,2025-12-23T01:03:27Z,https://www.adzuna.com/land/ad/5552758769?se=RJhlZyPr8BGWUcRZCdVU_g&utm_medium=api&utm_source=516145e7&v=C81D4961E581E5BC55D05D967EEA3D26E447AD6C
5404276064,Curriculum and Instruction Specialist,"ChanceLight Behavioral Health, Therapy, & Education",private,adzuna,61673.8,61673.8,"Keeler Bay, Grand Isle County",05843,False,2025-09-17T20:26:28Z,https://www.adzuna.com/land/ad/5404276064?se=RJhlZyPr8BGWUcRZCdVU_g&utm_medium=api&utm_source=516145e7&v=E5D7CBDE8671EB69EDF105FA038DC640350A50E1
5428715218,"Houseparents, Full-Time - Relocation to Hershey, PA Required",Milton Hershey School,private,adzuna,64385.9,64385.9,"Pinewood, Chittenden County",05843,False,2025-10-03T01:20:15Z,https://www.adzuna.com/land/ad/5428715218?se=RJhlZyPr8BGWUcRZCdVU_g&utm_medium=api&utm_source=516145e7&v=F5BE7941DDC09D758310CF2A2D9C438333A420C8
5525203014,Retail Merchandiser,SAS Retail Services,private,adzuna,36412.68,36412.68,"Lincoln, Grafton County",05843,False,2025-12-02T22:15:36Z,https://www.adzuna.com/land/ad/5525203014?se=RJhlZyPr8BGWUcRZCdVU_g&utm_medium=api&utm_source=516145e7&v=3E056C74987238B9BAF75AA03AF1B03693EDE64E
5404276038,Curriculum and Instruction Specialist,"ChanceLight Behavioral Health, Therapy, & Education",private,adzuna,73080.72,73080.72,"Underhill Flats, Chittenden County",05843,False,2025-09-17T20:26:27Z,https://www.adzuna.com/land/ad/5404276038?se=RJhlZyPr8BGWUcRZCdVU_g&utm_medium=api&utm_source=516145e7&v=E53EB5BD4214C9E14B36914E8A44FBD89CEC1FFC
5428709804,"Youth Development Specialist - Relocation to Hershey, PA Required",Milton Hershey School,private,adzuna,70576.98,70576.98,"Queen Park, Chittenden County",05843,False,2025-10-03T01:18:37Z,https://www.adzuna.com/land/ad/5428709804?se=RJhlZyPr8BGWUcRZCdVU_g&utm_medium=api&utm_source=516145e7&v=64FFE8BDD6FFC9616EAB9AC0944C2457E40F7AC2
5404276030,Curriculum and Instruction Specialist,"ChanceLight Behavioral Health, Therapy, & Education",private,adzuna,53196.97,53196.97,"Grand Isle, Grand Isle County",05843,False,2025-09-17T20:26:26Z,https://www.adzuna.com/land/ad/5404276030?se=RJhlZyPr8BGWUcRZCdVU_g&utm_medium=api&utm_source=516145e7&v=A6F4B793698084E98B2FEAC0E418EAED204E32B4
5404275972,Curriculum and Instruction Specialist,"ChanceLight Behavioral Health, Therapy, & Education",private,adzuna,56310.47,56310.47,"Highgate Springs, Franklin County",05843,False,2025-09-17T20:26:24Z,https://www.adzuna.com/land/ad/5404275972?se=RJhlZyPr8BGWUcRZCdVU_g&utm_medium=api&utm_source=516145e7&v=C606D8301DF7700CD1B653946A14C8D6C95079C8
5562444246,Oral Surgeon,AMN Healthcare,private,adzuna,58905.25,58905.25,"Camp Johnson, Chittenden County",05843,False,2026-01-01T05:20:47Z,https://www.adzuna.com/land/ad/5562444246?se=RJhlZyPr8BGWUcRZCdVU_g&utm_medium=api&utm_source=516145e7&v=99904675858D891E41F5451C05D566B5DDFD583B
5428706714,"Youth Development Specialist - Relocation to Hershey, PA Required",Milton Hershey School,private,adzuna,61609.66,61609.66,"Essex Junction, Chittenden County",05843,False,2025-10-03T01:17:29Z,https://www.adzuna.com/land/ad/5428706714?se=RJhlZyPr8BGWUcRZCdVU_g&utm_medium=api&utm_source=516145e7&v=904A1F0B442B133AC1B92A936527333FB0DFE9E9
5562444734,Locum Tenens Family Practice Physician Is Wanted in VA,Weatherby Healthcare,private,adzuna,72102.33,72102.33,"Bolton Valley, Chittenden County",05843,False,2026-01-01T05:20:51Z,https://www.adzuna.com/land/ad/5562444734?se=RJhlZyPr8BGWUcRZCdVU_g&utm_medium=api&utm_source=516145e7&v=E35457D4703FEBC98B7458F56F69F0A144F0674B
5562517988,Entry Level Retail Merchandiser (Get Paid Next Day!),Spar Group,private,adzuna,61139.48,61139.48,"Lancaster, Coos County",05843,False,2026-01-01T06:03:36Z,https://www.adzuna.com/land/ad/5562517988?se=RJhlZyPr8BGWUcRZCdVU_g&utm_medium=api&utm_source=516145e7&v=2DD26A5AE142DBD517AE77F7138726D886668131
5562517908,Entry Level Retail Merchandiser (Create Your Own Schedule),Spar Group,private,adzuna,40317.31,40317.31,"Jay, Orleans County",05843,False,2026-01-01T06:03:36Z,https://www.adzuna.com/land/ad/5562517908?se=RJhlZyPr8BGWUcRZCdVU_g&utm_medium=api&utm_source=516145e7&v=46898BAA309D64064F6C5E200B7C8F64E8C3D3FF
5525203043,Traveling Retail Merchandiser,SAS Retail Services,private,adzuna,33268.55,33268.55,"Lake Iroquois, Chittenden County",05843,False,2025-12-02T22:15:37Z,https://www.adzuna.com/land/ad/5525203043?se=RJhlZyPr8BGWUcRZCdVU_g&utm_medium=api&utm_source=516145e7&v=7EAC5C2CBE2A409FC89EE677E16543C5DFDCD106
5404276092,Curriculum and Instruction Specialist,"ChanceLight Behavioral Health, Therapy, & Education",private,adzuna,51826.14,51826.14,"Jonesville, Chittenden County",05843,False,2025-09-17T20:26:28Z,https://www.adzuna.com/land/ad/5404276092?se=RJhlZyPr8BGWUcRZCdVU_g&utm_medium=api&utm_source=516145e7&v=9E9D03AF494E7F0078F74A73F129BB51C213D4FD
5404276067,Curriculum and Instruction Specialist,"ChanceLight Behavioral Health, Therapy, & Education",private,adzuna,52366.79,52366.79,"Branch, Lamoille County",05843,False,2025-09-17T20:26:28Z,https://www.adzuna.com/land/ad/5404276067?se=RJhlZyPr8BGWUcRZCdVU_g&utm_medium=api&utm_source=516145e7&v=54190122250BD36A23B823127D0F2C22C243BAB9
5404275975,Curriculum and Instruction Specialist,"ChanceLight Behavioral Health, Therapy, & Education",private,adzuna,52514.97,52514.97,"Cambridge, Chittenden County",05843,False,2025-09-17T20:26:24Z,https://www.adzuna.com/land/ad/5404275975?se=RJhlZyPr8BGWUcRZCdVU_g&utm_medium=api&utm_source=516145e7&v=ED428F7BECF2669D854086B69B59FFB548698F06
5552758862,Behavior Intervention Specialist 1:1,"ChanceLight Behavioral Health, Therapy, & Education",private,adzuna,45684.44,45684.44,"Williamstown, Orange County",05843,False,2025-12-23T01:03:33Z,https://www.adzuna.com/land/ad/5552758862?se=RJhlZyPr8BGWUcRZCdVU_g&utm_medium=api&utm_source=516145e7&v=4ECBD54E1D2086BAE6F524E8DB603A018413FD4E
5542206026,Dental Treatment Coordinator,Bedi Dental Group,private,adzuna,60000,90000,"Camp Johnson, Chittenden County",05843,False,2025-12-14T14:27:18Z,https://www.adzuna.com/details/5542206026?utm_medium=api&utm_source=516145e7
3545664847,Manager in Training,Domino's,private,adzuna,49359.7,49359.7,"Barre Junction, Washington County",05843,False,2022-10-01T15:27:03Z,https://www.adzuna.com/details/3545664847?utm_medium=api&utm_source=516145e7
5525202998,Traveling Retail Merchandiser,SAS Retail Services,private,adzuna,35020.16,35020.16,"Pinewood, Chittenden County",05843,False,2025-12-02T22:15:36Z,https://www.adzuna.com/land/ad/5525202998?se=RJhlZyPr8BGWUcRZCdVU_g&utm_medium=api&utm_source=516145e7&v=D41888636261C285A2FFE525927E59113874E3A4
5427240967,Retail Merchandiser Team Lead,SAS Retail Services,private,adzuna,43722.26,43722.26,"Shelburne, Chittenden County",05843,False,2025-10-02T13:11:47Z,https://www.adzuna.com/land/ad/5427240967?se=RJhlZyPr8BGWUcRZCdVU_g&utm_medium=api&utm_source=516145e7&v=D82C826B752E2A2C3D090C559E98A9DE0CEAE8B5
5404276036,Curriculum and Instruction Specialist,"ChanceLight Behavioral Health, Therapy, & Education",private,adzuna,50498.39,50498.39,"Mad River Glen, Washington County",05843,False,2025-09-17T20:26:27Z,https://www.adzuna.com/land/ad/5404276036?se=RJhlZyPr8BGWUcRZCdVU_g&utm_medium=api&utm_source=516145e7&v=AB67FB0ABAE6ABCBE0C9007EA7C587CF553D1644
5428711437,"Youth Development Specialist - Relocation to Hershey, PA Required",Milton Hershey School,private,adzuna,88299.08,88299.08,"Winooski, Chittenden County",05843,False,2025-10-03T01:19:23Z,https://www.adzuna.com/land/ad/5428711437?se=RJhlZyPr8BGWUcRZCdVU_g&utm_medium=api&utm_source=516145e7&v=62C043D0D45DE01787CC5EACD7A507822CF3F5BE
5503766930,Head of People,MVP Robotics,private,adzuna,137324.5,137324.5,"Bradford, Orange County",05843,False,2025-11-19T14:01:26Z,https://www.adzuna.com/details/5503766930?utm_medium=api&utm_source=516145e7
5569155072,[Direct Sales] Account Executive,Xplor,private,adzuna,106775.68,106775.68,"Barre, Washington County",05843,False,2026-01-05T19:26:30Z,https://www.adzuna.com/details/5569155072?utm_medium=api&utm_source=516145e7
5567011313,Newly-Licensed Ambitious Life & Health Agents,Munger Agency,private,adzuna,50000,200000,"Winooski, Chittenden County",05843,False,2026-01-04T10:54:38Z,https://www.adzuna.com/details/5567011313?utm_medium=api&utm_source=516145e7
5552758865,Behavior Intervention Specialist 1:1,"ChanceLight Behavioral Health, Therapy, & Education",private,adzuna,47425.36,47425.36,"Shelburne, Chittenden County",05843,False,2025-12-23T01:03:33Z,https://www.adzuna.com/land/ad/5552758865?se=bmO_aCPr8BGWUcRZCdVU_g&utm_medium=api&utm_source=516145e7&v=2FAC278EF7898F6E7920EE0D202D0736D49B3E39
5553975793,Feed Mill Quality & Compliance Manager,Gpac,private,adzuna,86816.46,86816.46,"Saint Albans, Franklin County",05843,False,2025-12-24T01:06:39Z,https://www.adzuna.com/details/5553975793?utm_medium=api&utm_source=516145e7
5552758781,Behavior Intervention Specialist 1:1,"ChanceLight Behavioral Health, Therapy, & Education",private,adzuna,44769.82,44769.82,"Barnet, Caledonia County",05843,False,2025-12-23T01:03:27Z,https://www.adzuna.com/land/ad/5552758781?se=bmO_aCPr8BGWUcRZCdVU_g&utm_medium=api&utm_source=516145e7&v=92A5BA91DE7D1171B73E683CD9B1BEC603D8B713
5543631251,Plumbing & HVAC Manager,Jay Peak Resort,private,adzuna,64929.27,64929.27,"Jay, Orleans County",05843,False,2025-12-15T19:35:48Z,https://www.adzuna.com/details/5543631251?utm_medium=api&utm_source=516145e7
5428711874,"Houseparents, Full-Time - Relocation to Hershey, PA Required",Milton Hershey School,private,adzuna,65152.25,65152.25,"Essex Junction, Chittenden County",05843,False,2025-10-03T01:19:35Z,https://www.adzuna.com/land/ad/5428711874?se=bmO_aCPr8BGWUcRZCdVU_g&utm_medium=api&utm_source=516145e7&v=4E4E341325A9162E8461F4D3C0B47D621222E914
5512340455,Overnight Valet Attendant ($300 Sign on Bonus) AC Burlington Hotel,Towne Park,private,adzuna,54918.04,54918.04,"Winooski, Chittenden County",05843,False,2025-11-25T06:03:40Z,https://www.adzuna.com/details/5512340455?utm_medium=api&utm_source=516145e7
5525202989,Traveling Retail Merchandiser,SAS Retail Services,private,adzuna,36530.59,36530.59,"Keeler Bay, Grand Isle County",05843,False,2025-12-02T22:15:36Z,https://www.adzuna.com/land/ad/5525202989?se=bmO_aCPr8BGWUcRZCdVU_g&utm_medium=api&utm_source=516145e7&v=78B0FF270B6FEDE5101686AF91DB25D0DEFA5C2D
5428711937,"Houseparents, Full-Time - Relocation to Hershey, PA Required",Milton Hershey School,private,adzuna,87507.55,87507.55,"Camp Johnson, Chittenden County",05843,False,2025-10-03T01:19:36Z,https://www.adzuna.com/land/ad/5428711937?se=bmO_aCPr8BGWUcRZCdVU_g&utm_medium=api&utm_source=516145e7&v=C77198AAA2388A2834F01C2905BD1357520AE6F7
5565438174,Automotive Technician – 4-Day Workweek with Relo Assistance to S. Burlington VT,Mechanics & Body Shops Marketplace,private,adzuna,60000,100000,"Queen Park, Chittenden County",05843,False,2026-01-02T18:48:12Z,https://www.adzuna.com/details/5565438174?utm_medium=api&utm_source=516145e7
5525203025,Retail Merchandiser & Display Installer,SAS Retail Services,private,adzuna,46639.9,46639.9,"Littleton, Grafton County",05843,False,2025-12-02T22:15:37Z,https://www.adzuna.com/land/ad/5525203025?se=bmO_aCPr8BGWUcRZCdVU_g&utm_medium=api&utm_source=516145e7&v=5A73317444B0FA9BA895467D4B0318B1A68240BF
5565342670,Travel Registered Nurse ER Job,TLC Healthforce,private,adzuna,81693.99,81693.99,"Burlington, Chittenden County",05843,False,2026-01-02T16:07:48Z,https://www.adzuna.com/details/5565342670?utm_medium=api&utm_source=516145e7
5427240998,Retail Stocking/Shelving Merchandiser,SAS Retail Services,private,adzuna,41575.42,41575.42,"Queen Park, Chittenden County",05843,False,2025-10-02T13:11:48Z,https://www.adzuna.com/land/ad/5427240998?se=bmO_aCPr8BGWUcRZCdVU_g&utm_medium=api&utm_source=516145e7&v=78C1091B6B01A9E3267683EFFD850424A05673FC
5552758759,Behavior Intervention Specialist 1:1,"ChanceLight Behavioral Health, Therapy, & Education",private,adzuna,44050.31,44050.31,"Grand Isle, Grand Isle County",05843,False,2025-12-23T01:03:23Z,https://www.adzuna.com/land/ad/5552758759?se=bmO_aCPr8BGWUcRZCdVU_g&utm_medium=api&utm_source=516145e7&v=12DAEF5104F34C895E508279CE1A8EE7B69A49C3
5552758784,Behavior Intervention Specialist 1:1,"ChanceLight Behavioral Health, Therapy, & Education",private,adzuna,46509.41,46509.41,"Lake Iroquois, Chittenden County",05843,False,2025-12-23T01:03:27Z,https://www.adzuna.com/land/ad/5552758784?se=bmO_aCPr8BGWUcRZCdVU_g&utm_medium=api&utm_source=516145e7&v=A25D9122C6C3080CE354E9AED6B351D09FC36EC6
5428713453,"Residential Youth Caregiver - Relocation to Hershey, PA Required",Milton Hershey School,private,adzuna,65463.04,65463.04,"Queen Park, Chittenden County",05843,False,2025-10-03T01:20:00Z,https://www.adzuna.com/land/ad/5428713453?se=bmO_aCPr8BGWUcRZCdVU_g&utm_medium=api&utm_source=516145e7&v=B389D37439C0AB02D8B54A061A559CF41F5F4310
5404275962,Curriculum and Instruction Specialist,"ChanceLight Behavioral Health, Therapy, & Education",private,adzuna,54937.21,54937.21,"Monkton Ridge, Addison County",05843,False,2025-09-17T20:26:24Z,https://www.adzuna.com/land/ad/5404275962?se=bmO_aCPr8BGWUcRZCdVU_g&utm_medium=api&utm_source=516145e7&v=A6BEED1C904003367D36054057E89A4E167D858A
5474354220,Retail Merchandiser,SAS Retail Services,private,adzuna,38465.28,38465.28,"Montpelier, Washington County",05843,False,2025-11-01T03:07:01Z,https://www.adzuna.com/land/ad/5474354220?se=bmO_aCPr8BGWUcRZCdVU_g&utm_medium=api&utm_source=516145e7&v=782DC0F2DD3C58F3FEF6CD952CC0EEF29F051C8A
5427240990,Retail Merchandiser Team Lead,SAS Retail Services,private,adzuna,38634.69,38634.69,"Bolton Valley, Chittenden County",05843,False,2025-10-02T13:11:48Z,https://www.adzuna.com/land/ad/5427240990?se=bmO_aCPr8BGWUcRZCdVU_g&utm_medium=api&utm_source=516145e7&v=C7A7ABA85E2F922E9770BF15179ABC71150E098C
5404276007,Curriculum and Instruction Specialist,"ChanceLight Behavioral Health, Therapy, & Education",private,adzuna,78053.75,78053.75,"Morrisville, Lamoille County",05843,False,2025-09-17T20:26:26Z,https://www.adzuna.com/land/ad/5404276007?se=bmO_aCPr8BGWUcRZCdVU_g&utm_medium=api&utm_source=516145e7&v=0897E3124A7E94F9F5591AB26A782083C18DC4FD
5547817786,Housekeeping Supervisor,AWOL Stowe,private,adzuna,82061.77,82061.77,"Stowe, Lamoille County",05843,False,2025-12-18T16:34:07Z,https://www.adzuna.com/details/5547817786?utm_medium=api&utm_source=516145e7
5322438983,Travel L&D,NoorStaffingNursing,private,adzuna,83387.69,83387.69,"Morrisville, Lamoille County",05843,False,2025-07-25T17:52:14Z,https://www.adzuna.com/details/5322438983?utm_medium=api&utm_source=516145e7
4982330467,"RN, Operating Room",Bretton Trova,private,adzuna,72800,106080,"Lancaster, Coos County",05843,False,2024-12-18T13:34:01Z,https://www.adzuna.com/details/4982330467?utm_medium=api&utm_source=516145e7
5499965815,Per Diem Veterinary Technician,Ethos Veterinary Health,private,adzuna,46143.5,46143.5,"Williston, Chittenden County",05843,False,2025-11-17T00:27:43Z,https://www.adzuna.com/details/5499965815?utm_medium=api&utm_source=516145e7
5545865527,Financial Service Representative,SeaComm Federal Credit Union,private,adzuna,37440,41600,"Pinewood, Chittenden County",05843,False,2025-12-17T13:54:11Z,https://www.adzuna.com/details/5545865527?utm_medium=api&utm_source=516145e7
5562517964,Retail Merchandiser (Next-Day Pay),Spar Group,private,adzuna,40541.16,40541.16,"Enosburg Falls, Franklin County",05843,False,2026-01-01T06:03:36Z,https://www.adzuna.com/land/ad/5562517964?se=bmO_aCPr8BGWUcRZCdVU_g&utm_medium=api&utm_source=516145e7&v=31F3EF5E9D7F9F6495DE3D741E8221272C338B29
5404276001,Curriculum and Instruction Specialist,"ChanceLight Behavioral Health, Therapy, & Education",private,adzuna,55721.19,55721.19,"Underhill Center, Chittenden County",05843,False,2025-09-17T20:26:25Z,https://www.adzuna.com/land/ad/5404276001?se=bmO_aCPr8BGWUcRZCdVU_g&utm_medium=api&utm_source=516145e7&v=57549E276F4B7640E29ED81F7014A0A575F9AC9C
5531809841,Engineering & Estimating Manager,New England Air Systems,private,adzuna,107422.73,107422.73,"Williston, Chittenden County",05843,False,2025-12-06T17:50:54Z,https://www.adzuna.com/details/5531809841?utm_medium=api&utm_source=516145e7
4984904941,"Director, Electrical Engineering",OnLogic,private,adzuna,180000,210000,"South Burlington, Chittenden County",05843,False,2024-12-20T17:40:35Z,https://www.adzuna.com/details/4984904941?utm_medium=api&utm_source=516145e7
5569804828,LPN|LPN,Geaux Care Staffing,private,adzuna,117450.45,117450.45,"Indian Point, Orleans County",05843,False,2026-01-06T09:58:36Z,https://www.adzuna.com/details/5569804828?utm_medium=api&utm_source=516145e7
5514235701,Mortgage Field Services Inspector,FAR Inspections,private,adzuna,57470.07,57470.07,"Newark, Caledonia County",05843,False,2025-11-25T23:42:45Z,https://www.adzuna.com/details/5514235701?utm_medium=api&utm_source=516145e7
5410886193,RV Service Technician,Pete's RV Center,private,adzuna,25,25,"Queen Park, Chittenden County",05843,False,2025-09-22T14:52:10Z,https://www.adzuna.com/details/5410886193?utm_medium=api&utm_source=516145e7
5322520142,Travel Med Surg RN,NoorStaffingNursing,private,adzuna,78659.48,78659.48,"Morrisville, Lamoille County",05843,False,2025-07-25T18:56:20Z,https://www.adzuna.com/details/5322520142?utm_medium=api&utm_source=516145e7
5482670092,Event Marketing Internship - Spring 2026,"Fuse, LLC",private,adzuna,42841.81,42841.81,"Burlington, Chittenden County",05843,False,2025-11-05T14:41:52Z,https://www.adzuna.com/details/5482670092?utm_medium=api&utm_source=516145e7
5562518038,Retail Store Stocking Associate,Spar Group,private,adzuna,67297.06,67297.06,"Montpelier, Washington County",05843,False,2026-01-01T06:03:37Z,https://www.adzuna.com/land/ad/5562518038?se=bmO_aCPr8BGWUcRZCdVU_g&utm_medium=api&utm_source=516145e7&v=DA491ED204D8A53A1250D713FC10CF43F651E3A4
5562517920,Retail Merchandiser (Next-Day Pay),Spar Group,private,adzuna,51114.5,51114.5,"Lancaster, Coos County",05843,False,2026-01-01T06:03:36Z,https://www.adzuna.com/land/ad/5562517920?se=bmO_aCPr8BGWUcRZCdVU_g&utm_medium=api&utm_source=516145e7&v=5D69298948055248621C4F9D61F95D8EC586A6AA
5557123733,Tax Senior needed!,Gpac,private,adzuna,98763.52,98763.52,"Winooski, Chittenden County",05843,False,2025-12-27T00:57:17Z,https://www.adzuna.com/details/5557123733?utm_medium=api&utm_source=516145e7
5552758831,Behavior Intervention Specialist 1:1,"ChanceLight Behavioral Health, Therapy, & Education",private,adzuna,51988.91,51988.91,"Waterbury, Washington County",05843,False,2025-12-23T01:03:30Z,https://www.adzuna.com/land/ad/5552758831?se=bmO_aCPr8BGWUcRZCdVU_g&utm_medium=api&utm_source=516145e7&v=61D1A13772B894B89C7B42378A2DC3A18F3146F6
5562517827,Retail Merchandiser (Next-Day Pay),Spar Group,private,adzuna,42026.8,42026.8,"Lincoln, Grafton County",05843,False,2026-01-01T06:03:35Z,https://www.adzuna.com/land/ad/5562517827?se=bmO_aCPr8BGWUcRZCdVU_g&utm_medium=api&utm_source=516145e7&v=2C9B92D22F35B3929ACC29FAD0F682105C3F81C6
5396311406,Licensed Nursing Assistant,Bravo Recruiting Solutions Corp,private,adzuna,42162.21,42162.21,"Albany, Orleans County",05843,False,2025-09-12T16:49:06Z,https://www.adzuna.com/details/5396311406?utm_medium=api&utm_source=516145e7
5428707150,"Houseparents - Relocation to Hershey, PA Required",Milton Hershey School,private,adzuna,66936.06,66936.06,"Pinewood, Chittenden County",05843,False,2025-10-03T01:17:37Z,https://www.adzuna.com/land/ad/5428707150?se=bmO_aCPr8BGWUcRZCdVU_g&utm_medium=api&utm_source=516145e7&v=97124B9C8A2DF5B5CE678DBFF7E1C26612F84B65
5427240992,Retail Merchandiser Team Lead,SAS Retail Services,private,adzuna,40782.67,40782.67,"Waterbury, Washington County",05843,False,2025-10-02T13:11:48Z,https://www.adzuna.com/land/ad/5427240992?se=bmO_aCPr8BGWUcRZCdVU_g&utm_medium=api&utm_source=516145e7&v=5F029FBF400F3549EEFB2DBF7C92678E75C3A7DF
4787164368,Satellite Tech for Starlink Installation Pros,WebProps.org,private,adzuna,30000,70000,"Pinewood, Chittenden County",05843,False,2024-07-19T13:52:13Z,https://www.adzuna.com/details/4787164368?utm_medium=api&utm_source=516145e7
5428708149,"House Parents - Relocation to Hershey, PA Required",Milton Hershey School,private,adzuna,65507.01,65507.01,"Pinewood, Chittenden County",05843,False,2025-10-03T01:17:55Z,https://www.adzuna.com/land/ad/5428708149?se=bmO_aCPr8BGWUcRZCdVU_g&utm_medium=api&utm_source=516145e7&v=724910BD836F15D4845EB539C266DE4B0A84AB50
5427241002,Retail Merchandiser,SAS Retail Services,private,adzuna,36258.82,36258.82,"Waterbury, Washington County",05843,False,2025-10-02T13:11:48Z,https://www.adzuna.com/land/ad/5427241002?se=bmO_aCPr8BGWUcRZCdVU_g&utm_medium=api&utm_source=516145e7&v=993ACFE54E68F4A781E191EC33F619C7ED5A73CA
5421713954,Retail Stocking/Shelving Merchandiser,SAS Retail Services,private,adzuna,36087.16,36087.16,"Thetford, Orange County",05843,False,2025-09-30T04:58:25Z,https://www.adzuna.com/land/ad/5421713954?se=bmO_aCPr8BGWUcRZCdVU_g&utm_medium=api&utm_source=516145e7&v=EF425EAB9F04447A4B9502FCC164C07740B9F956
5491830462,DISHWASHERS | SODEXO LIVE @ Smugglers Notch Resort,Sodexo Live! ,private,adzuna,33280,39520,"Jeffersonville, Lamoille County",05843,False,2025-11-12T07:07:47Z,https://www.adzuna.com/details/5491830462?utm_medium=api&utm_source=516145e7
5562518073,Entry Level Retail Merchandiser (Create Your Own Schedule),Spar Group,private,adzuna,41547.59,41547.59,"Bradford, Orange County",05843,False,2026-01-01T06:03:37Z,https://www.adzuna.com/land/ad/5562518073?se=bmO_aCPr8BGWUcRZCdVU_g&utm_medium=api&utm_source=516145e7&v=A75C311D77108753F36B8A305327AE68BA4DEE17
5536490048,Mechanic,Vermont Electric Cooperative,private,adzuna,66393,111488,"East Johnson, Lamoille County",05843,False,2025-12-10T13:45:05Z,https://www.adzuna.com/details/5536490048?utm_medium=api&utm_source=516145e7
JDP-12800682-25-DJ,Program Analyst,Department of Homeland Security - Agency Wide,federal,usajobs,105383,195200,"Anywhere in the U.S. (remote job), United States",05843,,2025-09-11T00:00:00.0000,https://www.usajobs.gov:443/job/845755400
JDP-12800707-25-DJ,Management and Program Analyst,Department of Homeland Security - Agency Wide,federal,usajobs,105383,195200,"Anywhere in the U.S. (remote job), United States",05843,,2025-09-11T00:00:00.0000,https://www.usajobs.gov:443/job/845758100
JDP-12800977-25-DJ,Business Interface Representative,Department of Homeland Security - Agency Wide,federal,usajobs,105383,195200,"Anywhere in the U.S. (remote job), United States",05843,,2025-09-12T00:00:00.0000,https://www.usajobs.gov:443/job/845811300
JDP-12806008-25-DJ,Program Analyst,Department of Homeland Security - Agency Wide,federal,usajobs,88621,195200,"Anywhere in the U.S. (remote job), United States",05843,,2025-09-23T00:00:00.0000,https://www.usajobs.gov:443/job/846636800
12808934-ADJ-DHA-25,Homeland Defender (Immigration Services Officer),Citizenship and Immigration Services,federal,usajobs,50420,81198,"Anywhere in the U.S. (remote job), United States",05843,,2025-09-30T00:00:00.0000,https://www.usajobs.gov:443/job/847039500
12808956-FODOFSCOS-DHA-25,Homeland Defender (Immigration Services Officer),Citizenship and Immigration Services,federal,usajobs,50420,81198,"Anywhere in the U.S. (remote job), United States",05843,,2025-09-30T00:00:00.0000,https://www.usajobs.gov:443/job/847041700
CBST-12813257-26-AB,Physician (Diagnostic Radiologist),Veterans Health Administration,federal,usajobs,350000,400000,"Anywhere in the U.S. (remote job), United States",05843,,2025-10-16T00:00:00.0000,https://www.usajobs.gov:443/job/848120000
CAZM-12829128-25-JG,Staff Physician (Radiologist) - Recruitment/Relocation Incentive/EDRP Authorized,Veterans Health Administration,federal,usajobs,355180,400000,"Anywhere in the U.S. (remote job), United States",05843,,2025-11-07T00:00:00.0000,https://www.usajobs.gov:443/job/849793100
CAZM-12856264-26-KLI,Physician (Psychiatry - Chief) EDRP Authorized,Veterans Health Administration,federal,usajobs,145000,320000,"Anywhere in the U.S. (remote job), United States",05843,,2025-12-17T00:00:00.0000,https://www.usajobs.gov:443/job/852884700
IJ-12859264-26-MS,Immigration Judge,Executive Office for Immigration Review,federal,usajobs,159951,207500,"Anywhere in the U.S. (remote job), United States",05843,,2025-12-30T17:33:50.3200,https://www.usajobs.gov:443/job/853385500
CBZY-12858899-26-MR,Management Analyst,Veterans Health Administration,federal,usajobs,74678,121371,"Anywhere in the U.S. (remote job), United States",05843,,2026-01-05T00:00:00.0000,https://www.usajobs.gov:443/job/853451100
CBZY-12859051-26-LR,Supervisory Program Analyst,Veterans Health Administration,federal,usajobs,106437,172980,"Anywhere in the U.S. (remote job), United States",05843,,2026-01-05T00:00:00.0000,https://www.usajobs.gov:443/job/853483000
CBSV-12854535-26-AT,Physician (Chief of Radiology/Imaging),Veterans Health Administration,federal,usajobs,275000,400000,"Anywhere in the U.S. (remote job), United States",05843,,2026-01-02T17:27:37.7300,https://www.usajobs.gov:443/job/853506200
Summer 26 LOCI Remote,2026 Summer Library of Congress Intern (Remote),Library of Congress,federal,usajobs,17.78,19.24,"Anywhere in the U.S. (remote job), United States",05843,,2026-01-05T08:27:43.2770,https://www.usajobs.gov:443/job/853522200
Summer 26 LOCI Remote,2026 Summer Library of Congress Intern (Remote),Library of Congress,federal,usajobs,17.78,19.24,"Anywhere in the U.S. (remote job), United States",05843,,2026-01-05T00:00:00.0000,https://www.usajobs.gov:443/job/853565600
CBSX-12856298-26-AP,Medical Records Technician (Coder - Inpatient),Veterans Health Administration,federal,usajobs,36409,72644,"Anywhere in the U.S. (remote job), United States",05843,,2026-01-06T10:46:15.1770,https://www.usajobs.gov:443/job/853642000
VAR003189,AI Operations Specialist,Library of Congress,federal,usajobs,143913,187093,"Anywhere in the U.S. (remote job), United States",05843,,2026-01-06T12:09:57.0630,https://www.usajobs.gov:443/job/853660100
PUBLICNOTICE-DEA-BA2025,PUBLIC NOTICE- DEA Criminal Investigators,Drug Enforcement Administration,federal,usajobs,48371,82108,"Ponce, Puerto Rico",05843,,2025-03-17T00:00:00.0000,https://www.usajobs.gov:443/job/833745400
JDP-12768825-25-JK,Contract Specialist,Department of Homeland Security - Agency Wide,federal,usajobs,101401,195200,"Camp Springs, Maryland",05843,,2025-07-23T00:00:00.0000,https://www.usajobs.gov:443/job/841410000
JDP-12796509-25-DJ,HSI Tip Line Analyst,Department of Homeland Security - Agency Wide,federal,usajobs,90431,156755,"Washington, District of Columbia",05843,,2025-09-08T00:00:00.0000,https://www.usajobs.gov:443/job/845265100
AGL-ERR-25-2101-96016,Technical Operations (AJW) Airway Transportation Systems Specialist Employee Requested Reassignment,Federal Aviation Administration,federal,usajobs,46366,146571,"Saint Croix, Virgin Islands",05843,,2025-09-29T00:00:00.0000,https://www.usajobs.gov:443/job/846713900
SAB-26-Q1-CI,Special Agent,U.S. Secret Service,federal,usajobs,48371,117034,"Anchorage, Alaska",05843,,2025-10-01T00:00:00.0000,https://www.usajobs.gov:443/job/847106700
FAA-FAA-26-PUB NOT-96466,Public Notice for Air Traffic Control Specialist (Direct Hire),Federal Aviation Administration,federal,usajobs,43727,165088,"Saint Thomas, Virgin Islands",05843,,2025-10-03T00:00:00.0000,https://www.usajobs.gov:443/job/847375100
FAA-AHF-26-PUB NOT-96448,"PUBLIC NOTICE - Airway Transportation Systems Specialist (G- ENV, RAD, NAV, AUT, COM & F ENTRY)",Federal Aviation Administration,federal,usajobs,68863,82154,"Belgium, Belgium",05843,,2025-10-03T00:00:00.0000,https://www.usajobs.gov:443/job/847375300
FAA-ATO-26-PUBNOT-96438,Air Traffic Control Specialist (Direct Hire Enhanced CTI Program/E-CTI),Federal Aviation Administration,federal,usajobs,46560,175785,"Saint Thomas, Virgin Islands",05843,,2025-10-03T00:00:00.0000,https://www.usajobs.gov:443/job/847388600
CBTD-12810547-26-DML,Medical Instrument Technician (Polysomnography),Veterans Health Administration,federal,usajobs,36785,73401,"Burlington, Vermont",05843,,2025-10-08T00:00:00.0000,https://www.usajobs.gov:443/job/847754600
USBP-RA-12814658-CJH,Border Patrol Agent (Reemployed Annuitant),Customs and Border Protection,federal,usajobs,88621,115213,"Clallam County, Washington",05843,,2025-10-10T00:00:00.0000,https://www.usajobs.gov:443/job/847922600
USBP-RA-12814746-RLL,Supervisory Border Patrol Agent (Reemployed Annuitant),Customs and Border Protection,federal,usajobs,105383,137000,"Clallam County, Washington",05843,,2025-10-10T00:00:00.0000,https://www.usajobs.gov:443/job/847923300
CBTD-12813254-26-MJ,Medical Support Assistant (Advanced),Veterans Health Administration,federal,usajobs,49161,66193,"Keene, New Hampshire",05843,,2025-10-14T16:46:35.9470,https://www.usajobs.gov:443/job/848105200
CBTD-12813255-26-MJ,Medical Support Assistant (Advanced),Veterans Health Administration,federal,usajobs,49161,66193,"Keene, New Hampshire",05843,,2025-10-14T16:47:24.4400,https://www.usajobs.gov:443/job/848105300
CBTD-12836802-26-CC,Physician - Psychiatrist (Burlington),Veterans Health Administration,federal,usajobs,280000,300000,"Burlington, Vermont",05843,,2025-11-20T00:00:00.0000,https://www.usajobs.gov:443/job/850595600
VT-12845478-AR-25-34,RANGE OPERATIONS SPECIALIST,Army National Guard Units,federal,usajobs,62359,81065,"Jericho, Vermont",05843,,2025-12-04T11:29:32.7530,https://www.usajobs.gov:443/job/851585400
VT-12845524-AR-25-35,MATERIAL HANDLER SUPERVISOR,Army National Guard Units,federal,usajobs,32.77,38.24,"Colchester, Vermont",05843,,2025-12-05T11:58:13.6230,https://www.usajobs.gov:443/job/851726300
VT-12846250-AF-25-51,MANAGEMENT AND PROGRAM ANALYST (COOPERATIVE AGREEMENTS),Air National Guard Units,federal,usajobs,90431,117565,"Colchester, Vermont",05843,,2025-12-05T14:31:56.2930,https://www.usajobs.gov:443/job/851756200
VT-12846298-AF-25-52,MANAGEMENT AND PROGRAM ANALYST (COOPERATIVE AGREEMENTS),Air National Guard Units,federal,usajobs,90431,117565,"Colchester, Vermont",05843,,2025-12-05T14:28:32.5500,https://www.usajobs.gov:443/job/851757700
VT-12846586-AR-25-36,SUPPLY TECHNICIAN,Army National Guard Units,federal,usajobs,50980,66278,"Colchester, Vermont",05843,,2025-12-09T00:00:00.0000,https://www.usajobs.gov:443/job/851766100
VT-12849228-AF-25-53,COMPOSITE FABRICATOR,Air National Guard Units,federal,usajobs,25.3,38.85,"South Burlington, Vermont",05843,,2025-12-11T10:44:58.0700,https://www.usajobs.gov:443/job/852187300
AAC-FAA-26-PUB NOT-96467,Public Notice for General Engineer (Direct Hire),Federal Aviation Administration,federal,usajobs,34454,162672,"Belgium, Belgium",05843,,2025-12-12T00:00:00.0000,https://www.usajobs.gov:443/job/852270000
AAC-FAA-26-PUB NOT-96468,Public Notice for General Engineer (Direct Hire),Federal Aviation Administration,federal,usajobs,52998,172257,"Belgium, Belgium",05843,,2025-12-12T00:00:00.0000,https://www.usajobs.gov:443/job/852270300
AAC-FAA-26-PUB NOT-96672,Public Notice for Aerospace Engineer (Direct Hire),Federal Aviation Administration,federal,usajobs,34454,162672,"Belgium, Belgium",05843,,2025-12-12T00:00:00.0000,https://www.usajobs.gov:443/job/852272900
AAC-FAA-26-PUB NOT-96673,Public Notice for Aerospace Engineer (Direct Hire),Federal Aviation Administration,federal,usajobs,52998,172257,"Belgium, Belgium",05843,,2025-12-12T00:00:00.0000,https://www.usajobs.gov:443/job/852274600
VT-12850710-AR-25-43,AMMUNITION AND EXPLOSIVES HANDLER SUPERVISOR,Army National Guard Units,federal,usajobs,35.12,40.97,"Colchester, Vermont",05843,,2025-12-12T08:57:16.0370,https://www.usajobs.gov:443/job/852294000
VT-12849640-AR-25-42,TRAFFIC MANAGEMENT SPECIALIST,Army National Guard Units,federal,usajobs,75448,98078,"Colchester, Vermont",05843,,2025-12-12T09:18:09.2130,https://www.usajobs.gov:443/job/852298200
AAC-AFN-26-AMA230-96660,Aviation Safety Inspector  (GA Operations Instructor),Federal Aviation Administration,federal,usajobs,106382,138296,"Tutuila Island, American Samoa",05843,,2025-12-16T00:00:00.0000,https://www.usajobs.gov:443/job/852480200
AAC-AFN-26-AMA250-96665,Aviation Safety Inspector  (Airworthiness Instructor),Federal Aviation Administration,federal,usajobs,106382,138296,"Tutuila Island, American Samoa",05843,,2025-12-16T00:00:00.0000,https://www.usajobs.gov:443/job/852481700
VT-12848021-AR-25-38,SUPPORT SERVICES SUPERVISOR,Army National Guard Units,federal,usajobs,68671,89269,"Colchester, Vermont",05843,,2025-12-18T10:15:31.2900,https://www.usajobs.gov:443/job/852794400
VT-12847803-AR-25-37,SUPPORT SERVICES SUPERVISOR,Army National Guard Units,federal,usajobs,68671,89269,"Colchester, Vermont",05843,,2025-12-18T00:00:00.0000,https://www.usajobs.gov:443/job/852796600
CBTD-12847793-26-TCH,Nurse Practitioner - Home Based Primary Care (HBPC),Veterans Health Administration,federal,usajobs,120858,175206,"Littleton, New Hampshire",05843,,2025-12-29T07:53:07.7030,https://www.usajobs.gov:443/job/853215900
CBTD-12847991-26-TCH,RN Staff - Primary Care (Burlington VT),Veterans Health Administration,federal,usajobs,78510,136755,"Burlington, Vermont",05843,,2025-12-29T08:04:26.3200,https://www.usajobs.gov:443/job/853216500
BTV-26-12848404-I,Lead Transportation Security Officer,Transportation Security Administration,federal,usajobs,62359,81065,"Burlington, Vermont",05843,,2025-12-29T09:00:36.2770,https://www.usajobs.gov:443/job/853221500
ACT-FAA-26-PUB NOT-96787,"Public Notice for General Inspection, Investigation, Enforcement, and Compliance (Direct Hire)",Federal Aviation Administration,federal,usajobs,52998,172257,"Belgium, Belgium",05843,,2025-12-30T00:00:00.0000,https://www.usajobs.gov:443/job/853256200
CBPO DH 26-4,Customs and Border Protection Officer,Customs and Border Protection,federal,usajobs,40332,109952,"Saipan, Mariana Island, Northern Mariana Islands",05843,,2026-01-01T00:00:00.0000,https://www.usajobs.gov:443/job/853256800
ACT-FAA-26-PUB NOT-96795,"Public Notice for General Inspection, Investigation, Enforcement, and Compliance (Direct Hire)",Federal Aviation Administration,federal,usajobs,34454,162672,"Belgium, Belgium",05843,,2025-12-30T00:00:00.0000,https://www.usajobs.gov:443/job/853257300
CBPO DH GS9 26-4,Customs and Border Protection Officer,Customs and Border Protection,federal,usajobs,61111,124443,"Saipan, Mariana Island, Northern Mariana Islands",05843,,2026-01-01T00:00:00.0000,https://www.usajobs.gov:443/job/853257600
BPA DH 26-4,Border Patrol Agent,Customs and Border Protection,federal,usajobs,49739,89518,"Clallam County, Washington",05843,,2026-01-01T00:00:00.0000,https://www.usajobs.gov:443/job/853258100
BPA DH GL9/11 26-4,Border Patrol Agent,Customs and Border Protection,federal,usajobs,63148,120145,"Clallam County, Washington",05843,,2026-01-01T00:00:00.0000,https://www.usajobs.gov:443/job/853258300
AEA-AFS-26-CCD-96802,Supervisory Aviation Safety Inspector (Front Line Manager),Federal Aviation Administration,federal,usajobs,94544,146571,"Tutuila Island, American Samoa",05843,,2025-12-30T00:00:00.0000,https://www.usajobs.gov:443/job/853290600
F-NC-26-12840867-MP-NAH,INTELLIGENCE RESEARCH SPECIALIST,Drug Enforcement Administration,federal,usajobs,63163,98422,"Ponce, Puerto Rico",05843,,2026-01-05T00:00:00.0000,https://www.usajobs.gov:443/job/853434100
CA-2026-0042,Project Manager,Department of State - Agency Wide,federal,usajobs,107446,139684,"Tucson, Arizona",05843,,2025-12-31T14:14:41.6800,https://www.usajobs.gov:443/job/853443100
VT-12799007-AF-25-40,PUBLIC AFFAIRS SPECIALIST,Air National Guard Units,federal,usajobs,62359,81065,"South Burlington, Vermont",05843,,2026-01-02T00:00:00.0000,https://www.usajobs.gov:443/job/853476500
12857346-IOD-IMP-25,Management and Program Analyst,Citizenship and Immigration Services,federal,usajobs,90925,118204,"Tempe, Arizona",05843,,2026-01-05T10:13:40.6000,https://www.usajobs.gov:443/job/853533300
12860409 BTV FT-PT,Transportation Security Officer,Transportation Security Administration,federal,usajobs,54104,66706,"Burlington, Vermont",05843,,2026-01-05T00:00:00.0000,https://www.usajobs.gov:443/job/853568200
